raw_name,canonical_name
*Piramal Payment Services Ltd,*Piramal Payment Services Ltd
A U Small Finance Bank Limited,A U Small Finance Bank Limited
A. P. Mahesh Co-operative Urban Bank Limited,A. P. Mahesh Co-operative Urban Bank Limited
Aditya Birla Capital Digital Limited,Aditya Birla Capital Digital Limited
Airtel Payments Bank Limited,Airtel Payments Bank Limited
Amazon Pay (India) Private Limited (formerly Amazon Online Distribution Services Private Limited),Amazon Pay (India) Private Limited (formerly Amazon Online Distribution Services Private Limited)
Amica Payment Services Private Limited,Amica Payment Services Private Limited
Appnit Technologies Private Limited,Appnit Technologies Private Limited
Axis Bank Limited,Axis Bank Limited
Bajaj Finance Limited,Bajaj Finance Limited
Balancehero India Private Limited,Balancehero India Private Limited
Bank of Baroda,Bank of Baroda
Bank of India,Bank of India
Bank of Maharashtra,Bank of Maharashtra
CANARA BANK,CANARA BANK
CSC Governance Service India Limited,CSC Governance Service India Limited
Cashfree Payments India Private Limited,Cashfree Payments India Private Limited
Central Bank of India,Central Bank of India
City Union Bank Limited,City Union Bank Limited
DBS Bank India Limited,DBS Bank India Limited
Delhi Metro Rail Corporation Limited,Delhi Metro Rail Corporation Limited
Dreampurse Technologies Private Limited (Formerly Hip Bar Private Limited),Dreampurse Technologies Private Limited (Formerly Hip Bar Private Limited)
Ebix Payment Services Private Limited (formerly Itz Cash Card Private Limited),Ebix Payment Services Private Limited (formerly Itz Cash Card Private Limited)
Equitas Small Finance Bank Limited,Equitas Small Finance Bank Limited
Eroute Technologies Private Limited,Eroute Technologies Private Limited
Euronet Services India Private Limited,Euronet Services India Private Limited
Fino Payments Bank Limited,Fino Payments Bank Limited
HDFC Bank Limited,HDFC Bank Limited
Hindon Mercantile Limited,Hindon Mercantile Limited
I Money Pay Private Limited (formerly E-Meditek Global Private Limited),I Money Pay Private Limited (formerly E-Meditek Global Private Limited)
ICICI Bank Limited,ICICI Bank Limited
IDBI Bank Limited,IDBI Bank Limited
IDFC FIRST Bank Limited,IDFC FIRST Bank Limited
In-Solutions Global Ltd,In-Solutions Global Ltd
India Transact Services Limited,India Transact Services Limited
Indian Bank,Indian Bank
Indian Overseas Bank,Indian Overseas Bank
IndusInd Bank Limited,IndusInd Bank Limited
Jio Payments Bank Limited,Jio Payments Bank Limited
Karnataka Bank Limited,Karnataka Bank Limited
Karur Vysya Bank Limited,Karur Vysya Bank Limited
Kotak Mahindra Bank Limited,Kotak Mahindra Bank Limited
LivQuik Technology (India) Private Limited,LivQuik Technology (India) Private Limited
Manappuram Finance Limited,Manappuram Finance Limited
MobilePe Fintech Private Limited,MobilePe Fintech Private Limited
Mpurse Services Pvt. Ltd.,Mpurse Services Pvt. Ltd.
Mswipe Technologies Pvt Ltd,Mswipe Technologies Pvt Ltd
NSDL Payments Bank Limited,NSDL Payments Bank Limited
Nehat Tech Solutions Private Limited,Nehat Tech Solutions Private Limited
North East Small Finance Bank Limited (Garagepreneurs Internet Private Limited merged with North East Small Finance Bank),Slice Small Finance Bank Limited (Formerly North East Small Finance Bank Limited)
Nucleus Software Exports Limited,Nucleus Software Exports Limited
Obopay Mobile Technology India Private Limited,Obopay Mobile Technology India Private Limited
Ola Financial Services Pvt. Ltd. (formerly ZipCash Card Services Private Limited),Ola Financial Services Pvt. Ltd. (formerly ZipCash Card Services Private Limited)
One Mobikwik Systems Limited,One Mobikwik Systems Limited
Paul Merchants Finance Private Limited (formerly Paul Fincap Pvt. Ltd.),Paul Merchants Finance Private Limited (formerly Paul Fincap Pvt. Ltd.)
Pay Point India Network Private Limited,Pay Point India Network Private Limited
PayU Payments Private Limited,PayU Payments Private Limited
Paytm Payments Bank Limited,Paytm Payments Bank Limited
PhonePe Limited (formerly PhonePe Private Limited),PhonePe Limited (formerly PhonePe Private Limited)
Phonepe Private Limited (formerly FX Mart Pvt. Ltd.),PhonePe Limited (formerly PhonePe Private Limited)
Pine Labs Limited (formerly known as Pine Labs Private Limited),Pine Labs Limited (formerly known as Pine Labs Private Limited)
Pine Labs Private Limited,Pine Labs Limited (formerly known as Pine Labs Private Limited)
Piramal Payment Services Ltd,Piramal Payment Services Ltd
Pluxee India Private Limited (formerly Sodexo SVC India Pvt. Ltd.),Pluxee India Private Limited (formerly Sodexo SVC India Pvt. Ltd.)
Pockket Payments Technologies Private Limited,Pockket Payments Technologies Private Limited
Premium eBusiness Ventures Private Limited,Premium eBusiness Ventures Private Limited
Punjab & Sind Bank,Punjab & Sind Bank
Punjab National Bank,Punjab National Bank
RBL Bank Limited,RBL Bank Limited
RapiPay Fintech Private Limited (formerly Virgosoft IT Services Private Limited),RapiPay Fintech Private Limited (formerly Virgosoft IT Services Private Limited)
Razorpay Technologies Private Limited,Razorpay Technologies Private Limited
Revolut Payments India Pvt Ltd,Revolut Payments India Pvt Ltd
SBM BANK (INDIA) LTD.,SBM BANK (INDIA) LTD.
Slice Small Finance Bank Limited (Formerly North East Small Finance Bank Limited),Slice Small Finance Bank Limited (Formerly North East Small Finance Bank Limited)
Smart Payment Solutions Pvt. Ltd.,Smart Payment Solutions Pvt. Ltd.
South Indian Bank Limited,South Indian Bank Limited
Spice Money Limited,Spice Money Limited
State Bank of India,State Bank of India
TZF Logistics Solutions Pvt. Ltd.,TZF Logistics Solutions Pvt. Ltd.
Tamilnad Mercantile Bank Limited,Tamilnad Mercantile Bank Limited
Tata Payments Limited (Tata Pay),Tata Payments Limited (Tata Pay)
The Catholic Syrian Bank Limited,The Catholic Syrian Bank Limited
The Dhanlaxmi Bank Limited,The Dhanlaxmi Bank Limited
The Federal Bank Limited,The Federal Bank Limited
The Saraswat Co-operative Bank Limited,The Saraswat Co-operative Bank Limited
Transaction Analysts (India) Private Ltd.,Transaction Analysts (India) Private Ltd.
Transcorp International Limited,Transcorp International Limited
Transerv Limited,Transerv Limited
Tri O Tech Solutions Private Ltd.,Tri O Tech Solutions Private Ltd.
UCO Bank,UCO Bank
Unimoni Financial Services Limited (formerly UAE Exchange & Financial Services Ltd.),Wizzmoni Financial Services Limited (formerly Unimoni Financial Services Limited and UAE Exchange & Financial Services Ltd.)
Union Bank of India,Union Bank of India
Uniorbit Payment Solutions Private Limited (formerly Weizmann Impex Service Enterprise Limited),Uniorbit Payment Solutions Private Limited (formerly Weizmann Impex Service Enterprise Limited)
Wizzmoni Financial Services Limited (formerly Unimoni Financial Services Limited and UAE Exchange & Financial Services Ltd.),Wizzmoni Financial Services Limited (formerly Unimoni Financial Services Limited and UAE Exchange & Financial Services Ltd.)
Yes Bank Limited,Yes Bank Limited
iDisha Info Labs Private Limited,iDisha Info Labs Private Limited
TJSB SAHAKARI BANK LTD. THANE,TJSB SAHAKARI BANK LTD. THANE
Total number of Active PPI Cards. PPIs with at least one financial transaction the last one year are considered as Active.,Total number of Active PPI Cards. PPIs with at least one financial transaction the last one year are considered as Active.
Total number of Active PPI Wallets. PPIs with at least one financial transaction the last one year are considered as Active.,Total number of Active PPI Wallets. PPIs with at least one financial transaction the last one year are considered as Active.
Total number of PPI Cards deployed by the entity,Total number of PPI Cards deployed by the entity
Total number of PPI Wallets deployed by the entity,Total number of PPI Wallets deployed by the entity
Total number of cash withdrawal transactions done by the PPI cards issued by the entity at ATMs,Total number of cash withdrawal transactions done by the PPI cards issued by the entity at ATMs
Total number of cash withdrawal transactions done by the PPI cards issued by the entity at PoS,Total number of cash withdrawal transactions done by the PPI cards issued by the entity at PoS
"Total number of financial transactions done by the PPI cards issued by the entity for fund transfer (e.g., from own PPI to other PPIs issued by same or other PPI issuers, PPI to Bank account, etc.)","Total number of financial transactions done by the PPI cards issued by the entity for fund transfer (e.g., from own PPI to other PPIs issued by same or other PPI issuers, PPI to Bank account, etc.)"
Total number of financial transactions done by the PPI cards issued by the entity for purchase of Goods and Services (both at PoS terminal and at online (e.g. e-commerce websites)),Total number of financial transactions done by the PPI cards issued by the entity for purchase of Goods and Services (both at PoS terminal and at online (e.g. e-commerce websites))
Total number of financial transactions done by the PPI wallets issued by the entity for fund transfer,Total number of financial transactions done by the PPI wallets issued by the entity for fund transfer
Total number of financial transactions done by the PPI wallets issued by the entity to purchase goods and services,Total number of financial transactions done by the PPI wallets issued by the entity to purchase goods and services
Total value of cash withdrawal transactions done by the PPI cards issued by the entity at ATMs,Total value of cash withdrawal transactions done by the PPI cards issued by the entity at ATMs
Total value of cash withdrawal transactions done by the PPI cards issued by the entity at PoS,Total value of cash withdrawal transactions done by the PPI cards issued by the entity at PoS
"Total value of financial transactions done by the PPI cards issued by the entity for fund transfer (e.g., from own PPI to other PPIs issued by same or other PPI issuers, PPI to Bank account, etc.)","Total value of financial transactions done by the PPI cards issued by the entity for fund transfer (e.g., from own PPI to other PPIs issued by same or other PPI issuers, PPI to Bank account, etc.)"
Total value of financial transactions done by the PPI cards issued by the entity for purchase of Goods and Services (both at PoS terminal and at online (e.g. e-commerce websites)),Total value of financial transactions done by the PPI cards issued by the entity for purchase of Goods and Services (both at PoS terminal and at online (e.g. e-commerce websites))
Total value of financial transactions done by the PPI wallets issued by the entity for fund transfer,Total value of financial transactions done by the PPI wallets issued by the entity for fund transfer
Total value of financial transactions done by the PPI wallets issued by the entity to purchase goods and services,Total value of financial transactions done by the PPI wallets issued by the entity to purchase goods and services
